id,price
10317868,5508367.237992348
10885829,5927760.030957541
10765951,4652834.3030057065
10003549,5484688.6104480205
10663026,2575382.933406755
10878364,5817008.952504926
11010960,3986196.1604811884
2796113,3429344.6177387694
10713056,2888727.3042063382
10978982,3486987.4428994665
11033399,6660211.606831001
10806086,1178334.4847741474
10708676,2475899.9222072074
11010221,2460621.1731397905
7065898,2998719.600730234
10902554,5829103.022890375
10980517,3632691.9898323948
11014396,7184028.2169683445
9663197,6083151.737286137
11008407,4042648.6991911754
11032158,3067004.6814776612
10521705,5915602.094693052
10357187,3545618.6317014648
9964531,2343524.1487892503
11016254,1298464.1604650114
10897827,3045403.2505377103
10971653,4781844.615801981
10851751,4857477.284108261
10614089,6381249.91216675
10799791,4246933.994040694
10925824,5364923.751961535
10609867,4429410.840874221
10715849,5123680.185897956
10836932,6633020.830834197
11030179,4221459.638964651
10973696,3415572.0244691046
11029504,2090691.0772388163
10865487,5780505.576866354
10856170,2143137.2576604476
11022786,6502994.216330663
10989384,4812988.046242837
10508729,7707109.112104194
8757687,3826684.350442578
11023870,3021460.533115599
10716774,5529181.101681871
10766426,7242759.164667086
10661714,5561162.138577236
10216708,4930281.970940763
11014086,4931407.3309025
11031161,5836764.32917281
11010764,6815865.454142287
10968744,4084917.672261554
10924482,4764559.998053706
10657488,7826455.863214669
10763402,2558375.208330181
10959817,413870.5080573432
10968280,2716923.1372391577
11029679,4192193.9476051833
10563986,6056198.155173213
10802844,5178146.890098609
11010588,3062237.9275099365
10841502,2779828.3297696393
10352578,2433437.9920334797
10808054,3381781.5903287968
8766436,6377082.115301715
10334874,1778225.044575613
11020868,2198811.2783302614
10937582,6522567.7984175375
10934819,997862.1326027664
10977511,3439580.0793101694
11032362,6040113.437483313
10932604,3078216.500692985
11027013,6070968.456925305
10932522,2505656.56598297
8356244,3400737.2011274532
10846564,5873827.98478229
10995682,4961073.219347047
10964173,2769701.504856366
10896235,1665280.6449248805
10873801,2006458.891201246
10938949,5659803.23016802
10955219,3442347.43091707
10866161,3548544.4702990213
10963300,5087597.586430732
10802501,5219114.888218803
10149968,1967746.8070648029
10859710,3144633.4007127774
10914214,3187730.9242776344
10570363,3287820.064593277
10948664,2771365.8762422735
10692762,6089543.84620713
10631456,2809261.0570515087
10894201,7771859.169229963
11033680,1671906.566297663
10871777,6027298.404300141
10643036,1739031.5270558703
11028263,1878111.5829244629
10674010,6687679.982672026
10217747,2872669.93401442
10838219,8608530.563417101
10265493,1737755.6693446669
11011746,5267005.094840709
10868737,2522468.0148495315
10936703,5363616.044124458
10948999,5755698.46615999
10880167,5248493.874019609
10885802,6694447.442844447
10147323,4964092.130635683
9657586,5623119.830274321
10934690,3675185.098478301
10897602,5213938.7104665935
10999692,3846633.187981326
10954803,5998414.227951612
10802955,3481756.080309898
10100372,4248206.811572507
11024598,5716728.9645253895
10931276,2978143.535782934
10587841,5396180.621330097
11028214,7146034.148277943
10609790,6176573.629789368
10949384,1471206.4974325728
11012461,4947877.628819289
11046345,2301298.9971181103
11029643,4787969.595448938
11003951,3647463.6169868144
8663803,3060667.305561233
10918429,1327401.1896277356
10935030,5166550.296765586
10874656,2548504.212573503
11005848,6175175.818565179
10149824,1240901.391005934
10670101,2323273.55930374
8212121,5636636.157609392
10932493,2128817.611712719
10998578,4815004.468070459
10940004,4556120.615598538
10736927,6162531.6243553255
10856961,1691800.8198628812
10401147,5145670.185316071
11034303,1590751.8837588883
10903401,2694615.252652684
10861272,5864613.934697825
11033591,4949511.241172044
8710156,5291112.719941994
10981235,7242800.347603183
10895306,2473925.2047917335
11022252,3836172.2274706345
10666780,2083481.9519913695
10887672,4635298.5462279115
10852211,1632456.2284809574
10953795,5085134.1409294745
9610695,10808953.880597297
10958951,1130484.1868256002
9748213,4488909.483946484
11010796,4160825.469283924
11028485,5622897.366496478
8503318,2589359.2903771526
10813852,7474495.090984685
11030135,5824504.956985186
10344760,5441639.4806157965
10689642,3853947.1247712867
11011404,718986.847418394
11003565,3578204.0771349478
10093159,5175290.1468113605
10932498,2128817.611712719
10960090,3652040.341873845
10980023,7303189.593591046
10906982,2996886.6999825942
10730667,1881101.404893347
10976761,8214419.537954072
10989614,4160649.2759282286
10884680,4823785.244566366
10860993,6077651.7156239115
11031322,4483440.091741263
10700867,2358176.293079627
10682909,5822616.264069857
10912411,2504512.8462317344
10538742,3458203.693829274
10839919,3591947.9851166196
10923199,4946124.757843742
10960025,5765379.313375423
10991970,4208434.944729004
10666692,5507830.139580479
10852091,3684226.58373533
11025604,2029526.693522153
11008198,1805491.1180218714
9667631,3536575.744716396
11032849,4658673.1424581455
11004284,5294114.367569065
10954175,5042502.819808548
10687714,1498052.3553613704
10824629,2033698.5606657062
10375910,2953689.413974497
11006418,5206566.368416084
10313975,1994068.8643055353
10637204,3496303.1146660913
9541379,4556865.715918355
9029282,1806707.6747388248
10891416,3415855.693133017
10821047,3219896.9057388417
10823631,4032766.2603451232
11030902,3397988.107687388
10604539,8129177.932266824
10984681,1321589.4470891869
10958694,5609981.967354022
10794118,897038.3265053348
11025122,2661704.0998447407
10136680,2319120.5384049923
10932595,2275996.1356668314
10870591,7320136.124661584
10654702,1253856.1254453573
9860841,3362605.325740353
10958303,3368219.853214829
10788608,3977724.0081093977
10687629,3140380.65047775
10652292,2425090.874287113
8795118,6058047.395920936
10996940,1955633.8765427298
11031814,4945822.261202698
10918381,4875715.891091831
10779428,6111131.744719174
9507206,5523491.897345792
9200670,1161269.5459874799
10916361,2610775.1519095814
8773846,4152904.771104166
10892970,5296369.287328107
10918818,5610271.329136193
11018846,5001938.195670923
10112108,2048911.8561424841
10825477,4767441.988470694
10645626,3504124.446746782
10023481,5188622.618016059
11029590,3972878.259456858
11007324,7207350.857274273
10797083,3240956.896632067
11045262,6095286.857235053
10672382,3185197.812375988
10948441,5319116.6593497135
10606718,1046989.1688000602
9947358,1284679.0317078354
11034998,6805353.4257530095
11030898,3424255.84584897
10949065,3046390.9081298322
10942629,124723.82591754931
11018877,3234288.553218284
10548429,2882030.9542458854
10284663,1298096.0592315826
11006387,2802213.0267638215
10995486,3344864.891210312
8503088,4011569.5016638157
10241766,3668829.8352251467
10975003,6328551.602233924
10525975,2988474.778403268
9433521,5629330.970720301
10906178,2120519.808028583
10847252,1217087.22044345
10390650,5193317.9069639705
7815502,1960377.0304498905
10935802,6473694.074413217
10786218,2696214.447752359
8420240,1774271.03039602
10879706,4697537.972758721
10521931,1717013.0408602632
10738206,1636234.0234089857
11011909,2182796.0915502864
10955135,5596397.860103246
10933058,2525703.7839063574
10939558,2397097.192246162
11013517,703553.245944854
10049957,5836378.492528057
11005245,3121097.0234764228
10976348,2116743.4861638723
10857857,5587756.004383817
10625472,1625627.4600271091
10940742,6095676.791179314
10983586,4866547.992700364
10609460,4617995.369381908
9193578,5369345.9468934685
10515881,4749097.681680402
11030309,3170260.2245019395
10326354,6234995.423606122
10804020,5055780.751640055
10924949,563779.2846044702
10075703,4219450.880321607
10936819,5314393.116625918
10384373,1530751.0601095897
10698705,4895252.518804116
11011650,5088205.8215255365
10585847,1661851.5192950328
10315800,3272572.2427355843
10949717,6482460.1513771275
10049960,6270554.614190502
10842209,5638620.927634072
10954170,4142088.7787680887
10060570,3135787.0456139324
10927912,5049209.252839029
10906726,3760250.2481725863
10986369,3028417.603638912
9943818,5975332.932356426
10999476,2385277.904082109
10744646,1336329.83538499
11032801,2611955.4349510767
10928739,6637398.947071873
11029700,2297592.6858762344
10360179,3208008.7448536833
10894052,7298897.79903745
10422961,3419562.9121810514
10817270,6355119.222238275
11022371,5577854.639397753
11005368,5412418.577557569
10945362,4758293.90439944
10820829,3685993.4901631433
10826588,6059894.954002684
11032972,1764538.7676966512
10964156,5305482.686266096
11038801,4974506.393390426
10525422,4007478.2241235077
9820523,3149446.454875249
10934692,2520347.4605531087
10977677,1875786.9460067102
10862981,6388146.408698924
11010941,1462871.1988965967
10698707,2668282.660719693
11046204,6332913.434249443
10752731,3688252.413655848
10452253,3907077.9664037293
11013026,4609174.078423845
10043313,6187691.455927725
10767834,4731862.187757017
10840138,5021677.496711163
10925790,3055970.2493114234
10909390,5347996.461421831
10823094,1682289.1692277545
11004654,5941485.950071728
9019101,2524358.438025927
10968003,2632382.480138105
11029658,3829818.4381942013
10273565,2849817.751122613
11029412,6097875.000860118
9838958,3594412.45429579
10935337,1553542.7727491525
11012594,3140558.020495159
8893447,1843422.1553549916
11007496,4344372.916501567
10974772,3884535.5985463075
10997186,5498043.874938722
10750697,5318600.145428421
10891333,4341776.201102097
10742201,3137333.351933795
10849108,5008141.258069459
10815334,4911135.701174084
10842402,4536952.956915078
11032616,5769929.095691107
10851164,1743294.7847161954
10898176,3013496.477521596
10907566,5097749.956744994
10708961,3095852.925154662
11030065,3939113.4961812757
10705384,8007990.343155405
10891351,4098887.4255056344
10838382,4658563.521649595
10611931,6202713.942135208
10841603,2513640.1295622587
8439211,4833192.664605629
11016612,2157757.6736108675
10988905,7161684.725007564
11012939,3070561.379420497
10979581,2540641.4077099217
10830257,3292742.170951325
11036542,2260384.7202172563
10904546,1683821.799720034
8539632,3779391.092871847
10857215,6297761.317979103
10541410,2545202.2038469748
10723063,5573315.740248159
11029649,2014475.4182723104
11029999,3346149.9291625675
10952098,2266069.405141951
10836208,2986572.4386431198
11022573,2997065.5335218473
10798513,2768061.3340941025
10984356,3839441.719164321
10745642,6291898.784488225
10841042,6348052.373898698
10538365,4643689.1541569205
10897920,2043722.1546146632
11006479,5378619.961347254
10774899,5838019.406976824
11001765,3412118.135450939
11033538,1414261.8795313495
10831725,3905320.1022238275
11044926,5415894.610612503
10976271,5858267.452826502
10981556,3846087.111653312
10961326,5268850.622867402
10883866,5233622.591152657
10841901,4342609.278460231
10693007,4885020.044463094
10847817,3290018.5482921293
10896856,4661402.575783385
10784274,1582261.3889165036
10378785,1983937.9427873436
10910362,5456940.360738149
10923489,4489788.323758664
10796396,4891992.751510851
10893036,9001749.938890815
11011008,7804291.148731416
10952064,6997656.314143211
11009697,1621091.3604967836
10308491,5978462.0423372
11009134,5496984.862449704
10956663,3139986.0372795966
11043808,2147065.2782983263
11000065,3015622.861851762
11007409,5180016.430729582
10328736,1611115.540444417
6954834,3181789.7944874875
10949562,5752017.066147093
8889294,3479982.9986166316
10852545,4313773.044031811
11017010,1257944.6082865186
11001089,5184814.538646346
10914315,5287770.985365557
10965478,4093139.5870656893
10819401,1036009.4325491687
10979878,2955446.8000711263
10613706,4905515.335515943
10763485,2221528.9867112413
10609498,5582326.13447239
10847829,3332692.728540113
9716533,5915453.676287678
10818543,3078416.1140716914
10955543,5016893.825991106
10914990,7032174.51496809
10650754,3415741.0404168237
11007835,5107169.88263255
10986600,1189661.0101988385
10205939,2345267.076070346
10613818,4102729.4227832197
11028806,1503092.6821843912
10821045,3339055.6578541934
11025719,1046989.1688000602
11027050,1736800.122368306
11027120,3082765.759260166
10991121,1991246.4842036953
10615821,5856079.154567111
10826789,1368469.2998988922
10823501,3133930.005741662
11031678,2640935.6710256157
10904277,4753769.850093469
11032345,1592763.6093556578
10790133,1774295.2505627451
8035356,2552856.875456365
10874651,3231619.4041813416
11010267,4155269.9464857043
10803357,3804267.982416676
10693203,5779494.75454971
10927529,1992581.417438006
10965515,3195343.94531334
10756016,6547208.615590882
10818159,8905352.021118224
10927662,5324944.4076022655
10558471,6566314.96874455
11033496,6366693.562643042
11002382,5068835.575780351
10984447,4235090.11213503
11029759,2242741.079788546
10619610,7415941.531360022
10984665,6655132.465247367
10859925,4554798.664811366
10750711,4938981.712085929
11034193,2295995.470968641
10468221,5323500.639529322
11029635,1699918.486507938
9113806,4046337.3327658856
10848057,3057115.53124787
11030021,2467450.9474740485
10874549,3530292.8433987256
10871719,3829388.854536069
10648595,2337305.3802242656
10948308,1538249.3797734347
10978564,1262110.2287486363
7559766,582866.0027606735
5704631,3108085.1566032893
3204311,3568066.6762725706
11028848,3615507.6704445197
10717237,6244006.670771723
10855877,6194034.6864311015
10904038,4195490.235783396
11034225,1119969.2394359712
10742964,2620365.38549844
10737033,6175572.024026989
10955514,2323991.45737182
10870666,4127439.394025648
7846347,1038154.4048430409
10077834,2332928.602346932
10020769,4793185.003184911
10406971,4086254.2533075153
10644641,4504756.996514989
10776176,2299418.6309546717
10789519,4764646.806551363
10921562,5882775.743029293
10927184,5884304.033535324
11021947,2829434.896694229
10958511,4124490.747811538
10925633,6467935.529337742
10613987,6173482.347089667
10987430,1755884.906945237
11030594,3606505.397568153
10951734,5526356.501231231
10916819,5768904.951473134
10925164,1914031.316842618
11025234,944761.0358071711
9838788,4666968.711177554
10979378,6255341.144383853
10852399,6089678.487640504
10965082,5558976.116154464
10798315,2395114.11136783
10666268,2655121.290195501
10997655,6527125.987360836
10918750,5403254.980394271
11028591,5244531.518418584
10867068,3548106.3822959145
10694259,5953034.984439781
10821922,4035802.8422852727
11001243,5170739.861375203
10970970,1996868.2224622895
10814380,5226965.475395982
10866816,4953130.7729732115
10762038,3631219.6284948983
9267648,2676770.763760866
10911849,1430456.9328488181
10936519,1495918.9302721513
10924382,6616663.516852366
10826497,7236258.622714401
11013768,2512048.9405402453
11006368,4932214.641862549
10832912,2144441.4492340265
10911741,2642725.8284804164
10762089,3047357.958224686
8476937,4437574.919929457
10973171,5141059.521247821
10935843,3040159.5149798617
10694580,3401583.0040383535
10996709,2379693.2909218986
10545059,1838209.2889521401
10401321,3419897.886019171
10782758,3272651.2664929954
10911750,5667813.526707351
10864288,2675513.3379401676
10870430,2160694.115704397
10942747,6467946.041635845
10556988,1899881.125016219
10961624,3256423.258738533
11030320,2153654.6710624006
10869522,2035480.5851411643
10992849,4070353.065607803
10805256,3191840.9873310947
10999817,3199309.5643058326
11032474,4430435.747399567
10989802,3244242.5018463614
8202873,1136328.2138631376
11031396,2087481.21766061
10913165,3997845.4799833684
11014436,6162196.536867467
10985609,5859833.793073122
10992341,1270821.0742265903
10888602,4511003.937402109
11014958,4700987.997323593
10981220,7139972.707462865
11028256,3326059.492056836
9161413,6596281.504070762
10778733,5161028.264449731
10797230,1472839.4489465249
10965171,1769735.3414538042
8819143,4610287.836451799
10786709,6524627.526640302
10960120,4910022.664049277
10803845,1418216.9846313444
10956924,4975939.108074775
10997131,2566203.0481450665
10633845,3103130.271666996
10929564,3432847.1061884174
10235128,1915902.1308876998
7256542,2350036.3612700775
10759036,1784260.4668818149
10739357,1199869.1286442094
10981008,2728168.92447864
11025580,1645956.940003809
10839133,1756582.4385238905
8383093,2648632.3403502987
10752533,2631886.749874062
11028009,5170894.845948366
11028171,5823390.044321058
9740177,3375105.783655249
11031102,5779332.694160761
10851961,5652258.452816324
10867819,5518474.291720087
10814406,2375439.116659098
11043537,4529805.263544107
11032266,658950.5321187943
10609389,5742666.420756303
11028525,4609444.140710389
10827604,7253590.967727677
10298437,2234513.031919376
10333987,5328242.838376495
11007663,3542473.057440973
11034022,2890215.189790174
10912810,3437828.3243745356
10848699,5779429.914881567
11028484,2872683.190520566
10613685,5183911.923303992
10550425,2892210.560591713
10781613,2192488.1430047955
10928963,5945851.0235223435
11003249,2179100.153515053
10623726,4450872.055861916
10738137,3872517.112550794
7945727,2106603.785352123
10944268,5365652.912958158
10958934,8156946.239799855
10982388,2667648.936387743
11030969,2049396.004946061
10963478,5996553.966535797
10929884,2095054.8882463104
10980070,1563257.9836935557
11033696,4600263.311014194
10708679,3889379.4925147174
11004165,3386832.654793761
10608258,3313005.518453376
11011550,7700208.435993699
11031780,2558945.3576358994
11026821,2477323.846129303
10869236,4558799.808797251
11034992,4376581.547572028
11033280,5934973.46325759
10981577,2530616.5999048427
10771851,3412736.155383942
10936933,5654614.697562293
11030033,2555012.029155571
11046999,1025889.536226388
10846226,4108603.794440889
10953730,3576759.7730570277
10933694,1986384.4905738644
10730481,1977914.1248217472
10896981,5113316.2832534965
11010491,2348536.9728723927
8452025,1099981.663542517
10558566,3762961.866512528
10817610,5390275.712857779
10545103,1185804.6041824857
10962106,8558879.195233941
10993382,3206175.0304406835
10805314,2774032.1252806224
10041006,3432766.488648515
11006984,6256079.404627794
9701581,3853018.617930961
10221774,6707584.349184868
9740170,2436239.8694441486
10746255,1791801.2477005739
10931937,4904215.474243638
10637194,3335732.7810822204
10781903,7558761.303200483
10317448,3770605.769020322
10912975,5205118.072362127
10953118,5691260.018149167
10797115,3240956.896632067
8518124,2488260.002366704
10708714,3123541.6703593335
10789356,3025899.5695688147
11029499,6451704.369124467
10511676,2488178.5522011854
8864551,4086400.672370469
10799179,5354415.159602655
11031469,2605567.253556431
10955961,4096785.875169535
10764273,3365522.341351068
10884595,1674159.7386014662
10716117,4282510.948722862
10761639,5347977.119378586
10539513,309566.90578161716
10823226,6503752.813942461
10255419,6269479.1188871935
10830677,4751398.863337612
10677971,6578625.536626881
10463447,5079327.517098255
10890022,2951859.6819847757
10962175,6189548.2602492105
9970127,1483557.217276984
10940011,3032416.531572963
10985632,3102881.193328289
10997364,4806083.328559389
10932870,8361257.317097972
10289293,4960635.50855326
10991275,3089476.8745396794
10685074,2638098.305640564
10609923,6000172.52169046
10918627,2996612.19888642
10617019,4073625.4306301214
10640648,3005524.539167953
10953383,2403157.604924141
10975430,6642348.547440752
9784771,5344583.110640363
10933403,3724848.134095032
11032936,1633669.8743262915
10734582,4329818.604556813
10846588,6219950.472716989
11031496,1937310.7051664167
10888600,4624039.391896812
10976066,817641.7320208334
10740733,2313596.495188813
10826495,5401297.2009389335
10954167,3690727.395846159
10679117,2374287.6120542856
10838023,2028601.0592154344
11031330,9207553.13162671
10820548,5763600.4430211475
11007396,3929401.400757166
10997923,6155365.012164578
10569890,3401207.7605615477
11024765,1879709.6463169465
10943512,4720880.0470103845
10116578,5571471.928483404
10867670,2031532.6697606896
10989210,1775399.2781557105
10768083,5448664.70412763
10968242,6030761.558686398
10824677,3638245.2996200724
10904502,4865154.466464138
10980588,5608488.662815063
10200877,2903141.2039715536
11026582,3748217.9299049173
11015103,6728035.337318958
11027339,5210509.948969482
8394071,3910334.322646305
10941477,474107.45225472644
10337509,3468057.3212058684
11018767,3753896.1271951194
10825683,2352234.5016103233
10850844,2541008.85800816
10609989,5872694.42000247
10919926,6734028.527433299
10927710,7037253.633464398
10521602,1654356.0579009238
11028220,4574069.750888443
10925900,2246130.9393418427
10903257,4318640.993370571
10979042,4300216.391025739
11011093,1419017.0125559361
10928769,1189729.749518653
11007726,4678181.820740136
8590103,2246214.799409538
10691525,3070727.6988902334
11006884,3568965.138811582
11032247,3578058.341621036
10887480,4415600.735456235
10847947,3412552.7151105646
10513356,3568711.4962685844
7970793,4060211.155010917
11033808,7327880.10892681
11030325,3203283.7371871285
11031454,5986005.438873964
10786481,3065610.9583602753
10946016,4769308.022886723
10947707,5333138.416418688
11029905,3161777.308436186
10848254,2432964.131747312
10727826,6300747.442529347
10675166,4546449.743136808
11004211,4713885.794302452
10050712,2524820.639682606
10746309,1636815.110786714
10797224,1913434.424125615
10912880,4035220.8585758395
11000496,3371242.6837589233
11028122,5016952.147339601
11031122,6400349.473980123
11042833,4367827.57769769
10881822,1913212.8632903625
10881046,2025454.1309269606
10608582,4382707.30349505
10466060,2561809.9984584153
10644104,2571601.582893596
10908357,3641170.5941570117
10908754,5662634.217945355
10571692,6020099.153131872
10583192,2327897.4995460245
10977967,4875555.07339572
10388943,6403158.919907058
10920134,3795093.028818235
10918271,1932509.7265002714
10905062,5621478.121927563
10315390,4831540.029900914
10989683,2277116.3685015044
11032121,2320603.337372061
10923976,6249441.729914233
10836814,4523100.07800892
11006127,7303127.21060701
10630511,2510561.7217899547
10752451,2176043.034587401
10709964,2399816.444687486
10753060,1834453.1780116325
10971746,2680489.941362064
10838543,5640623.127366498
10799656,2763814.3338284427
10806393,4010386.565720695
9584615,3892593.0926649226
10939776,5365778.853575995
10990474,2277894.7734309426
10910191,4540843.988877749
10898849,6070441.094717299
10874449,6415518.120649226
10876151,2542339.2822870263
9317081,3917550.881067604
10637728,4531157.222653853
10971911,5439917.764197007
8569744,1579085.27545426
10668735,2192724.26885118
8336126,7941823.499645772
10611275,5879537.188575258
10770664,1546384.201266473
11040672,860238.3147950704
10887735,2318496.097730798
10966789,4787341.249594707
11007366,1468634.8369891131
10627234,2032848.6477568247
10942926,4792177.055098944
10848666,3024848.231822149
11035029,1534106.9052034016
11011705,1523116.5153292667
9813220,925912.5885679703
11023951,4390644.7168291835
10976436,4193635.2082748124
11033596,3636688.0370577946
10925165,1131893.5208026
10585843,3140289.2700013495
10952036,3009812.813158033
10962956,6030650.576802839
8659826,5371201.374670849
10951973,7186131.63832304
11009968,4295132.025832681
10990495,2678003.039609788
11008503,1655992.3050110748
10914520,6087487.24369766
11002550,4927096.374966873
10985434,3831876.1031851275
10766436,1506537.943175864
11009186,861917.113365299
10967875,5395679.3765873965
10609295,3284876.7163186893
9966371,7809360.8499657195
8653144,5058516.9533437835
10852199,6078934.486071269
10242157,3449718.47347651
10335962,4212773.38656294
10971483,2684212.8527953457
11032534,3760059.573831965
10939923,4694312.591457779
10952191,3491848.705645306
10695323,5988731.907666985
10746376,6220072.818665564
10612222,4292342.941486468
10971166,2874045.4333171407
10613422,3307718.454237772
11030408,2094528.6383551597
10771934,5258988.081951785
10802442,2594307.2823983515
10720503,4186994.155708655
10155907,2627753.85646907
10946546,5066121.792495403
10729732,5723455.876790635
10890029,3876761.4614655
10958360,2694528.693630616
10762936,2925383.24641345
11020274,2554261.8409814476
8351520,2644309.4269927084
11009711,4635950.070135455
11030812,4161323.241534516
10942165,4531620.185844066
10847116,5617678.178628193
10785133,5750859.028032782
10940721,5079122.584214838
11032782,4245774.7182690585
10979279,5522721.385219094
10682691,2810239.3948409143
11033050,6360963.785751961
10823180,4040108.8488359265
10716444,6607880.607448774
10955544,5856063.911644798
10853949,2839022.626314417
10842568,2830824.9097730094
10986641,1681599.2060260475
11041137,4779700.008114412
10759936,5792143.3864007965
10885806,2693980.6487524942
10849974,6455775.6083709225
10782857,3920190.9307534103
7899734,3081440.851767605
10642918,8543362.34903244
10014689,2082947.650992678
9819580,4402542.508400236
8947191,3862960.9743133737
10551859,2090183.7102505886
10852116,3851678.4914418343
10744311,1544754.927322886
10827282,3797223.0147876404
10578513,1961211.7294747992
10963359,4452705.703262842
10813125,1017303.8930377408
10612202,3039842.1227523936
10203028,3889808.5427587857
10963861,5819446.357496651
11011348,3944702.4822289157
10977617,4731828.061871515
11004120,1495373.4259810855
10765749,3878539.8525275155
9964713,5105714.26484804
10778785,5275401.6690962445
10872739,3871048.4938625563
10823064,1215366.3912598202
10747202,4535900.200937261
10958881,4850013.96308508
10900116,3955244.7206094284
10848148,3403603.7817680994
11032289,5075993.827104789
10611294,4012004.943693406
10953361,5202690.468282852
10903515,1847593.3923126091
10514703,3405715.508403194
10714430,2599513.955913653
10936422,6171845.746374188
11030102,3910544.66009332
10779425,6012770.916326632
10935799,7270751.450422901
7503251,6223846.110277587
10968572,5072182.057428934
10966147,2308699.5495077474
6222440,1426091.1939675058
10763174,1518810.2174794273
10919613,4060191.3377424893
10823470,6020099.153131872
7532302,2631578.455753118
10049958,6109984.280606631
10558929,7449949.994375585
10906725,3662710.1191582107
10703295,5445362.382321738
10850757,3060832.953395925
9584616,4035289.6658242596
10848609,5909778.148414595
10974754,4050699.71660682
8469352,1302251.1998902964
10983355,5956244.982742203
9275031,5354606.8529063035
10793649,4173283.756721448
10790208,4476366.081520628
10864238,3135410.8269772558
11016099,3310845.394620315
10819841,3926235.5876463577
10846406,4608995.897457626
10538346,5917726.913763013
10962072,5974094.527542104
10737201,3231170.1346978783
10724605,1471957.889247353
11027490,5034553.668080766
10838077,2026568.1967897215
10780028,2515562.4089400214
10975920,1534219.429820912
10817484,8672489.867758177
10612745,5551493.699152994
10700093,2401347.7276517437
10714280,2965220.549172165
11027055,1740525.7079003155
10979645,5631996.702499695
10861558,3913494.6284444467
10942619,6902578.681442263
11024937,2768901.3436221834
5165267,4594855.18161854
10992130,5145859.52475123
10772317,2545368.360233884
10586952,5262202.382516025
10986585,3280903.5730790417
10785836,4480466.885990536
7420653,3539213.5044961274
10971718,2449619.137241118
11027693,2842773.708795062
10998493,5080556.895821015
11030009,5693386.801295592
9541375,4274385.942678286
10615450,5750522.837568752
11045054,4073966.1177574457
10624641,6472855.337906677
8921994,5939522.850836891
10843490,3873936.025200608
10306302,1936842.1744307796
9859531,2230841.7796278936
11033802,5756780.9367655385
10720356,4405354.79828481
10735028,2262128.6341393245
10979119,1647574.8173378152
11025540,5317850.349257507
10684803,1980410.3502926407
10609862,5813998.984267384
10942637,634677.7858385971
10684974,5681848.784097925
10990402,3140506.497398139
11030653,1852902.280643424
10865844,3998008.287023956
10980607,5334631.294533403
10576704,5183428.460397136
11010294,3231122.760134831
10875402,5351068.129197188
6348252,4742010.673579127
10810331,1389536.3314357107
10990484,6437552.823863525
10749470,1562992.3573456295
10953574,5073706.793362003
10550456,7590335.596511128
10944116,2146320.007214615
10901612,3394155.3734207107
6388044,3541822.844272444
10908103,5313372.127540388
11032341,2250840.3091462203
10999302,5618979.51219164
9977132,5437228.02868595
10611083,5069148.291718304
11024599,2427674.1517447433
10970449,2581712.587720272
10225225,5018354.9125875225
8959583,2640553.1885755477
10810631,4953773.636515681
11031939,3593709.530753607
10791335,3290157.3762784353
10958151,1105057.7166982247
11025068,5175493.665445013
10608683,5001633.171165908
10927356,1999310.4881747467
10983702,5512842.546158493
10712524,2293386.7312523727
11040286,3365394.1869439916
11033143,5812544.695661266
11010795,4189580.2470237613
10944466,3965572.3777428837
10510937,5484608.7413934395
11030118,5782956.573497934
10946335,2087898.503081039
10574461,2535720.9457360543
10993607,3614440.448359927
10848528,4720656.390726026
10822066,5913740.028662549
10613647,2199505.8203586126
8371274,2622504.3941263086
9406188,5299755.382543478
10880158,6838413.240379002
8684469,1362885.5931165144
10824603,5155864.942621855
10821919,4159428.035258587
10755123,2734025.66064161
10686962,5719750.407839242
10583076,2075016.8545811381
10925585,9729977.354049684
10891171,3447633.0170531254
10895307,5691992.332197095
11033074,4448432.654639672
10613082,3707549.8361576684
10946539,2500841.1216933313
10613416,4040948.2429620717
10860933,1730618.1236035363
10804069,2844224.041907411
4157396,6866321.787672515
7532453,2124627.1681871256
10359922,-1302051.7765889606
7442201,2924659.3476481913
10937275,7672110.473705984
10894936,3268568.8636582675
10522894,3276929.5720937606
10958605,2880450.967323496
10959027,3813445.676370929
10998179,3639208.1886105086
10824561,6211423.466708511
10300729,2161830.664333622
11005036,1914403.6342357406
11006550,5146681.601588249
10594177,5377590.217897302
10771471,6331574.356055113
10971665,1211424.8296139757
11040178,2345234.870834395
10608458,5500201.418758135
6378721,2774129.853597076
10890006,3199810.1792477956
10889966,6400451.532122177
11006932,3177493.086052622
10611143,6427136.592098372
10421902,3664461.9227172765
10565149,3245916.9396947115
10951951,4721362.1526408065
10795492,4996946.024071593
11015809,6199530.914799288
10653288,7515563.406614558
10912866,2408090.747534297
10980786,2538465.688580078
10939050,3039245.862154799
10763663,3314097.76643715
10887348,4032852.5247944677
11016085,3842156.9015459777
11010989,2318258.472371302
10957181,5811677.729914502
8561745,2689717.884423316
10776569,6409646.11777886
10655965,7398438.318078486
10685520,1642398.7397136525
10404637,1967131.1470329459
11032989,2021202.6613273872
10614102,6149678.0673067095
10927673,6443713.7455179375
11011834,2429510.5636329753
10597732,5257404.811036952
11028440,3968581.152914298
11019186,4392697.615667319
11010908,3840762.5939878146
10784248,1046217.6361676414
10087594,4795869.23100731
10548129,7488900.80450309
10655775,2061140.6961943316
10746217,2793505.66374644
10906152,2198830.2251109537
11029475,4390006.366333289
10901590,2076646.837692677
11028555,5457944.917861314
10936822,7252070.392751949
10605918,6854820.221131887
8201777,2828615.2626411677
10856737,4621254.310848651
10989659,1802957.7437135144
10329337,7882012.511948801
10957189,5078261.158973907
10880779,3788061.4224442965
10933738,4749246.568145651
10743071,5318789.114391496
11032427,4329227.332878664
10838771,4366257.202629484
10923915,5181429.999631935
11029446,4316324.0820801
10979567,2908586.909202307
10983062,2629414.1454630573
11022950,1763995.618147641
7532431,1810632.6179285366
10667340,6481661.288837131
10554315,2891290.5905132806
10720180,2766812.9966528867
10872516,3571858.5492790905
10610993,4535175.82906189
10979354,2631632.7611375335
10867917,3844852.9972512075
10830008,2863295.164661658
10960073,709548.7183445179
10974562,3006462.663170811
10997369,6569411.288826494
11007755,2841126.2034474015
10814833,2878299.707008257
11033986,4474449.357651139
11010916,2441191.4439069093
7579697,2193405.441477964
10630966,3706147.035251488
10888666,3933889.734704623
10508758,6422500.243462862
10907604,1171275.417477109
10775383,6056783.645887814
10973758,2805854.6946872994
10946331,5045458.526768036
10548420,2917559.0232023555
11020613,1460265.4208133956
11011797,3717851.9380653463
11031729,2463287.067604858
9247456,1358893.1470523847
10928252,3521184.394019313
10803652,1459034.4940488823
10879698,4938393.473134527
10934348,1385133.351274421
10917839,4069107.2529378324
10758017,6519959.8099467205
10694066,3701288.4674548726
10981020,2475848.691556538
10846502,4151816.3272932675
10536930,1568028.4304002463
10954593,1893697.235717833
11004630,5454921.4601619085
10810647,4204540.768058432
10820654,857404.3434143347
11033138,4697607.803415147
10973325,1509265.1573346888
9865163,5867139.64760948
10861661,5878823.212942681
8494902,1179612.0697230645
10611533,5602934.167350384
10957311,3168619.9316275315
10918946,4508658.591727015
11028543,5652071.807064839
11030392,1915121.6324936473
11023906,5766613.784968471
9267688,6888560.122623019
10981665,2119129.024265245
10788333,4056994.8998635206
10994079,6012597.630751195
10772040,4584338.314796835
10996784,3516361.7095349967
10797576,2301457.332037434
11030873,3402407.975718929
10542341,3367362.417775983
10898857,6935159.078564032
10931589,1988953.7950501135
10879713,3867330.688515584
10956627,1254940.090606579
10934028,2059228.8017574544
10612805,5342222.62401469
11025221,1648116.1573805003
10677829,3012536.994162849
10959846,2135334.180774142
10920002,4823958.117736414
11028637,6650686.019307945
10980648,5124871.70807002
9810968,4947050.225357853
10873442,1673952.104562915
10995558,1917988.2588300654
11028787,4092566.004776146
9668813,4572564.634473216
10970343,5244798.304728866
10710947,2172066.2303382535
10963370,5706459.7904026555
10969503,4820479.901756196
11029188,5763582.098414322
9852655,1639704.3602987519
9986982,3533314.234665177
10909576,3883710.601166252
8302590,2693802.7567712935
10972378,3211722.3139120014
10971734,1508183.7012484493
11027141,5249470.922009947
9593756,5396345.107255571
10608774,3320384.5929135173
10769806,5921489.822572643
9029465,4006261.59856028
11033078,6529512.816724004
10821164,2834467.5604584147
10797145,2311949.1619218187
10709813,8409655.545622557
11005887,4757764.877571233
10769802,5859120.346239089
10586770,5083300.355761482
10690281,2126491.831444294
11034057,784548.3524236827
10955002,5904935.593281709
10538929,4842114.572838761
10975550,6510134.631333135
10999493,4028827.077707237
10827312,3227839.8612873973
11024576,2729657.3614569264
10604596,2694542.4577403283
11007139,5571393.846753898
9643032,6031392.188443117
10758230,5404488.113065079
10540579,5355494.278044746
11030166,5935111.578999491
10907467,4456417.669328015
10861737,7153039.843257874
11010894,4003130.5440807506
10908714,1363343.6637482427
7595441,1548796.479494763
10938310,2664748.962272569
10756232,2181179.0593504715
10538067,2082041.2652687007
10895326,5348628.945654191
10673794,4485352.802338269
11011070,5926485.079642445
10685110,2494576.59197119
11008362,2514497.9446462574
8269062,5380858.590260685
9812623,6435073.179262322
10918599,3136716.2368724095
11010748,5246299.380429683
11029565,1378622.1263426847
10783239,5576297.5833215
10986581,2605087.0414191494
9502023,4626734.909928743
10522957,2481632.8944436787
10516750,4581440.339995256
10961854,1461166.2797057456
10474073,1605875.5580093279
11027073,2570633.23445637
10609721,5812755.700649236
10975184,2045668.3367280122
10538727,5003546.004797063
10855598,5968251.76165068
8394468,5797840.62777256
11029641,2648096.5754256346
10644120,3288248.884202572
1755218,5008203.975606333
11006033,3219169.8785722437
10891121,1834981.7814843617
11022393,1199455.3298590484
9857220,2512650.743928646
11030304,1322581.2730018483
10916478,1082471.9501812342
10999237,1797044.0177509827
11028063,1782348.6983060013
10975070,4250494.80189413
11014863,3053159.463576936
10770642,2100496.103953123
10790237,2519410.1896874025
10548877,3757603.544202628
11022625,2115040.5260006613
7169528,1566709.9041378866
10591773,2955082.040003541
11038690,3808966.4579158216
10989595,2672022.1874532597
10918105,2130460.832053281
10956820,2160170.7674009656
10714717,3782773.3779281843
10746593,1593686.3952945839
9940882,4098059.295192926
10958335,2557510.2710499153
10967387,1909136.8079296802
10212564,5222358.749384309
11042581,4450533.61784702
11031703,5962912.282131918
10800341,5082970.073214567
11011414,8185368.406538191
10835345,2933045.186927071
9211192,4395000.26742695
11029264,7699351.5756435385
10872514,5739884.074055027
11016298,3554348.2451880937
11030297,3108997.3699940555
10762558,2309154.5029038256
10939073,3576361.2171331514
10557070,4468682.480446924
10805840,6092010.98566604
11027993,6324536.5382889435
10737552,2962361.968203339
10587381,5778805.166358072
10664515,5942997.270657003
10699493,2878243.23491144
10902461,6693664.942493657
10985048,4433057.835216258
11013107,1896677.4838181348
8160643,4322856.493923064
11029858,4353531.628488015
9801014,2998567.6093242588
11032305,2149247.059827317
10844870,3851543.6540986216
9457649,5224739.5624035
10749078,5931624.5580429705
10930367,6659666.264377098
10910887,5454297.361748742
10724349,2016942.6336323707
10938069,3650358.7276423224
10867793,6651474.122265809
10810132,2989046.481003111
10824139,1593825.9438655635
10880462,3435029.470811752
10852347,5466143.627073081
10611360,4774391.235929608
5585249,3238923.5672280937
11001499,2930873.7279723757
10760470,4472933.9333654875
10916673,714591.1452312481
11032100,7328357.311420911
11030764,5329735.066948255
10925383,2175457.8808437358
10892935,4910021.4440014465
10390358,2877315.4262952385
10969373,2570727.4077589917
10847828,4119272.939633384
10658527,5010838.1037038565
10960844,1612741.4356661183
10820351,4269962.193449754
10854022,1294436.481752409
10911843,3068235.301444001
10835498,3267366.483075255
10730261,1381764.730468024
10941253,3016340.2680608165
10984546,2516290.685904348
10787761,5931775.987151607
10784637,6597547.371819793
11027698,1914229.413758452
10968086,2783260.0495541487
10939062,4368026.470068114
10577252,6129526.845679017
11018108,6514649.638425252
10656989,2018962.0786373024
11032377,4940052.818515386
11033352,4952189.436815435
10977559,4026089.642029249
8923857,4722082.162744759
10641834,1094777.2901104584
10933624,4392022.449829711
10772318,2471839.0161852106
11011055,2291719.9224032317
10725964,5218703.8080610335
10958785,6493536.354141774
10777702,1780219.6401880914
10958878,5910171.392308742
10966579,5253943.738515272
10814989,7151750.190020783
10608667,5537232.048250606
10825214,2137109.9236650122
7991762,4415056.364640003
10761185,7050432.226811475
10903017,5988161.777252925
10883745,3765749.938374074
9743202,3595606.6274941643
10538349,6928220.04449944
11009747,4522288.227470212
10870361,5656015.795799235
10904254,5422943.17154922
10733087,5350008.085004929
10932757,1906310.748914407
10820661,6352832.675532806
11008484,6177685.8667790685
10979987,6243839.48292397
10611183,6359159.264520798
10050257,1949401.2284103828
10811337,1962905.421410156
11033323,2634035.173278322
11028715,3667622.6888716877
11033187,2335733.767638861
11017403,4938800.978184346
10852326,3932756.3493977254
10983931,6632414.731276357
10570522,3157303.7531036995
10990337,2711869.5485586785
10982659,2893065.7516005915
10863423,2784794.4227436446
9845801,2298624.8440967305
10809817,4365900.266974608
10142790,3137087.8440725403
10846232,6481692.905613307
9394608,4042507.2541374136
10961971,6194110.050082179
10771371,3514523.0083488435
10722108,6247702.779297702
10885130,1612393.8629561765
10812180,3185735.469802997
10999111,5445242.584167452
10944045,1932001.5793401091
10983506,2706309.235368622
8672983,5090116.351880595
10958353,5145002.6898219185
10387498,2699241.3567507607
10605668,7373171.488827223
10642408,5424254.444499719
10550289,8094003.738342005
10933237,5262991.043242026
10764826,2335002.2075861176
10945118,3637996.596460766
10899775,5031609.201391585
10929592,3982670.2681529014
10968696,4180181.9301444897
10819357,3749491.37267526
11011646,4171397.843245734
11032433,5685329.478675725
10935836,4606183.556881888
10975922,6441365.879488789
11029822,790646.6036400296
10863287,1492686.122329115
10861315,832665.778593053
10826845,6399975.980330294
10717107,5574497.797210395
11004079,4761130.102289517
11026927,3850816.3465438895
10360259,1981736.635170442
10760065,3132412.345452438
11011460,6327048.480972783
10912162,1382651.8532450432
10919020,4785759.787627019
11033250,4421146.595807919
10800518,3352151.4338876074
10967593,852787.7965146169
10141982,2094797.1712719086
10572592,4382359.19608992
10993623,4736347.940925702
10947314,3974592.770260347
10623192,5825168.267771004
10983483,3892593.0926649226
10271378,5164303.944202466
10909594,5116068.225503396
10626290,7098842.439049326
10824218,2426092.60745383
10763528,4723323.211542819
10777979,1675727.5503651388
10848185,7046327.712707462
10968153,3368579.0784375537
10812095,5317033.094638243
9199357,8625247.722871006
10971271,2235784.700768379
8823314,2396539.5748257064
10941855,6335963.761420791
10971792,2708511.5726882755
11018989,6163850.955214573
11030418,1683380.3127289056
10638794,4068379.391656562
10613102,3471221.692979705
10733852,2712238.2749109888
10867723,4053005.4810947636
10078241,5292660.572047127
10556989,4014401.5662344904
10620123,5492644.896281393
10978655,3084202.396352046
10918577,4701648.659799401
11029666,4272914.52748393
10797015,2925971.143742601
10948449,6677377.606994911
11033999,4251383.757632171
10932621,1744285.2749373084
10880663,7178145.008443946
10979130,6762683.530646154
10908407,2558255.32114802
10921237,4255316.779207073
10976440,5506442.051523256
10231092,1902952.2691263454
10964037,5068242.099863948
9245360,5356610.638059221
10983344,3104879.1030339627
10936699,3162023.810059976
6977756,2842900.0704567526
9275020,5081229.757524656
10949160,5630246.625879733
10947505,1331639.1021929544
11006463,5470882.024446716
10856419,1550118.8271066519
10897855,2302930.7353010457
10169415,2637165.4070788203
10474301,2842903.347591127
10839254,3872464.414623146
11047830,5693546.836385999
6848663,1838406.631113764
11022305,1555324.6251602736
10587723,2653182.072993378
10749332,2951427.9401508253
10586918,5637266.587501356
10904931,5150657.189890176
10611851,6403743.401520803
10638066,2974712.092187564
11029555,4169070.3237882536
10983516,5919404.703937475
11023727,5736629.091296652
11034091,6720303.636564385
10874675,3282408.418383901
10888421,5072918.695853391
10425513,6013550.265711163
10889080,2528040.2195185474
10532128,3872026.105593857
10520533,2864053.3366752206
10810303,3137346.5719891726
10748275,3548237.2600143105
10137006,3782684.9643184654
10160049,2335490.5407971554
11031791,4957987.0117279
10932582,6175913.71769749
11033960,1999630.7960350234
10075699,2919161.4092110307
10861604,5322473.265955544
7345431,1648111.9526367341
10985662,8539560.261391997
10728889,1911800.982949786
10826750,6044874.367119195
10865861,5710865.044767426
10658021,3819439.5147028067
10865369,6456514.8061198685
10885984,3299367.4206814743
10725929,1170630.6743833618
10710688,2184185.3763633636
9257188,6337790.076538574
10672375,4073569.822588447
5186189,4265900.065295307
10932617,2080778.2185676857
10329484,7200922.692301775
10914426,1983666.846896633
10844601,2009619.7353654015
10751380,3787953.4576933896
10678013,4049687.7328326544
10829951,4237826.632874679
10820931,3335052.843072392
10988121,2237131.837629301
10618086,5441395.6682048375
10299933,6796426.922081572
8007088,3735915.9806043515
10099469,3218541.6971312826
10604579,3321514.797139732
7865100,3946389.716430544
10664150,4020677.8110602344
10841420,1480365.7036566935
11008508,2245460.036703305
10593924,5543426.864228185
10926807,1542253.581988428
10833423,3881008.469946444
11033438,2171139.7533348165
11031553,1874227.7100974154
10825521,2120538.0438073627
10987303,5053597.4237359185
10987002,1489005.3093183925
10989632,6434862.227643468
10980379,3244015.645843568
10612245,4187517.9461828587
10891882,2948479.453274307
9701706,2854564.0342594245
10771132,1901167.4382395549
11005124,2078016.9950830066
10937761,1371438.4290727293
10842963,3411531.97664733
10968230,6161645.93551724
10878893,4045316.758793391
10836351,2683913.89771155
11026837,5370928.756866492
10978730,1735019.4560707263
9325208,3991346.826773665
10957271,5245606.236174294
10742252,1144474.2060052387
10546095,1670941.409344873
10631427,3303460.4078572188
10741514,1369114.0875012665
11026814,1308548.410939468
8266520,4019589.5871798564
11017124,5101871.037263987
10607873,3616945.9532642094
10691775,3444096.6652975474
10653793,5379660.311798267
11020566,6705224.520687107
11010803,1602266.8480451182
11008424,5214303.985408092
10839679,5583831.595883837
10926827,3294188.10857086
10889848,4076255.722062099
10866938,4379661.765496215
9745877,3597926.823776976
10202871,2013314.0259163203
10977224,3649264.477123897
10991573,5881353.075980386
10705619,2420512.5331749106
10634516,2818128.6982619865
10834541,3926226.835285512
11032870,1910142.9510818748
10895074,8272798.899864734
10645999,2937604.5139764063
10966774,4326657.043683336
11003034,2112356.2140540043
10940589,3524076.6575951
10872678,3990095.9828375108
11033791,6062537.209776664
10936950,2795649.0892082127
10508661,3942430.6764698415
11007966,4812878.151448415
10747506,5340560.413648015
10837355,3102807.6808948466
9981206,3295119.8567718007
10833070,5960670.444847586
10978705,3056618.2069819695
10955487,5906236.531810187
10852255,5729018.888003819
10682249,2928533.0977027304
9433513,5656162.576374026
6168360,4843872.602247317
10885240,3504541.0126409056
10784293,1769579.4680864038
10818641,2289865.0252767703
10839140,1349056.0342149406
10916722,2359906.966217154
11020796,5881358.983687811
10937632,2048624.3650954287
10955307,5422092.938348717
8506839,4692664.920351146
10920812,1845419.0843195794
10850891,3290204.3639467997
10611239,3957689.446665385
10936197,1850546.8448718917
10669737,3926313.103380097
10611849,4045215.9298713645
11015361,1757381.6194534306
10635113,2777772.113077807
10915932,5460274.491580253
10901417,3137663.963467672
10880927,5856976.106265694
11022290,3319765.720412473
10907015,1886463.4496224066
11034817,2521491.00513697
10967385,4714149.862277189
10852010,5638340.530536441
9390225,3474979.465640093
11010288,5463462.819708846
9615989,2985661.002721075
10960951,6313857.447405716
10503161,2563801.806879879
10909520,1588622.1370279137
10197024,4185370.7205685093
10769561,5749634.561774373
9809232,5000169.791311489
10904033,4114200.809599056
10299924,1963282.1859695944
10921022,1304012.2740832446
11034497,4410220.9111948
10609466,5644554.665522017
11025439,6079927.886763416
10925980,3995272.982234059
10995129,3056571.8780444814
10754020,5440523.1199441515
11025677,5424413.087421333
10872466,5480510.3438826
11022927,1805827.0366895827
10791000,5979963.134798858
10851705,4330249.188602667
10914936,1920547.8838992459
10949189,4608317.61474718
10959445,1914306.879991528
10612200,5753587.678749459
10915624,3139521.8867969764
9958296,3123541.6703593335
10866051,4950186.738570096
10613363,7378079.56471288
10725154,1476125.9903632514
10903377,2184791.7170011955
10982611,5169092.998111926
10683459,4616695.123547427
11011763,2699577.662559033
11030397,5951485.172703826
10821276,6052546.464371164
10724295,3710929.1123008607
10819287,2541366.222485969
10622822,5928303.908601421
10918055,6685199.851690346
10868827,3560045.9485509987
10967090,6281981.207085205
10542009,2829786.35448979
10811787,3227320.95575397
10768942,3486908.8259019167
10824049,4227989.437670207
8577880,6130721.769683735
11032254,819520.8657026648
10903228,2012817.7508954485
10577235,4947501.804667814
11011440,2248909.656781289
11000046,4278836.996737763
10953428,1988720.3496030574
11028529,2856012.8496326427
10562027,2973592.130917727
9994299,2307280.9970405526
10610598,2771126.380194696
10939847,4601986.273349354
10928642,1575684.896985963
10842154,2653759.7523438684
10991980,1754316.9000288495
9763903,2773385.744094489
11043106,1582972.290928233
10877623,8912652.988222979
11032794,6837916.893779222
10976393,2150654.5599688166
7870211,5500435.854395948
9750582,5619508.376065798
10917644,6148166.92757556
10823602,1704156.6994837425
10667858,5249069.129154611
11034110,2058442.7796328468
10804381,2132943.8073756117
9978289,6391441.359266736
9665352,3342043.8582712715
10843851,4790300.84986756
11002055,1953374.1102244896
11019056,1294734.6081125282
10235318,2131966.0268098456
11032323,7243069.765892687
11026314,2179093.753849053
10702055,3016937.008833841
11025521,1867605.7380128535
11023044,3525499.8422804466
10985009,4683102.34865207
11010671,2585637.479980032
10562477,2290148.8778576553
11029904,4917111.24760783
10611452,1530401.6996431653
10851152,2837909.878756846
10794227,4198504.849783686
10517025,1800345.8744990826
10949281,3203501.4163203505
10402995,3536233.1467308346
11033278,832480.1702410475
11016278,4601961.7518927865
10770803,2054933.8928099
10632652,5944122.460585123
10727184,1693097.4493062415
11028846,4941735.303250259
10931230,2712997.852481506
10878138,2761753.339577908
11041130,2138808.088181988
10713412,1719337.6519561885
10988550,2182604.9862515647
10999349,2546091.2977200835
11014664,1719428.149055696
10144235,7777692.484528174
9112830,5271905.519375414
10812901,4036123.2166139334
10605925,3134054.2851129146
11031797,5120435.059221179
11003376,6092364.21851374
10806414,3268144.6764336284
10857168,4566429.037784798
10682675,4688381.75885597
10814189,2887703.2495272323
10845096,2301853.5283667054
9824859,688022.2779240753
11017118,2621990.3881510133
10938914,5704357.939376771
11011830,4656148.965484235
11006977,1526354.971309923
10767988,5714010.107477577
10882143,4200493.842276648
8652686,3333459.0846658964
4733828,2659657.238998325
10936897,5370303.495306328
10731032,6878936.746100457
11033219,3710474.4633644
10060918,1777033.7984630913
10969662,5572649.805406239
10679090,1999800.309627003
10655005,3538116.8459482375
10953035,7176158.443596058
10967776,1758963.2505806182
10665241,1932383.5255906484
10867374,4963200.314629759
10826774,5200525.411772446
10905425,6368480.282149001
10609821,4953816.928466739
6549688,2611326.557637711
10954937,4279169.8927344605
8048280,3441807.5565545424
10465754,2670471.345532434
11010833,4436303.236380223
10879008,2998200.253291704
10848415,5684170.163697323
10816922,1389452.895670541
10717774,685989.9486965743
10399459,2568251.371293697
10826329,2372790.529133198
10975927,3616161.0367460614
10973590,5941451.152158486
10989065,6804011.161245927
10919887,3670923.17763129
11031889,3915485.313686424
10680660,5034650.093823336
10692479,5008213.628778804
10936071,4636410.394694641
10899561,1857561.4347157567
10971996,3845798.2742064367
10927031,797219.8307543193
10961742,4019001.377455063
10612749,6717904.068955133
11032310,3925478.815157764
10974812,3716802.5522093866
11029669,2827630.0047411136
10926689,2280845.7446954534
10903700,6416834.191455903
10622973,6428177.4742693575
10927913,1918708.6428787252
10975546,6294466.701400848
10880233,1725960.6868364392
10915044,2956749.6850058814
10826288,2120461.4280598434
10075657,4831565.389178915
10946346,4549241.818076052
11037037,2348099.5478597307
10906948,3428643.204861155
10797236,3728552.9207607266
10998492,4827791.438260881
10538683,6679800.344543305
10932574,3711868.2577925324
10966113,1029117.2067221284
11028424,4468043.363100767
9824857,461320.0660414677
8231199,4550389.462733255
10314693,1918831.558163575
10611916,6784895.315464793
11008496,7618259.517406797
8338961,4421015.421139533
10911724,4664349.545315391
10823780,3551117.1407263638
10547838,2562520.913563259
10610021,5103962.825248616
10829886,6151178.621370533
10098700,3392724.422323976
10952272,3394207.728527534
10756967,2609225.9928727397
11033769,4213348.01901333
10984827,5667211.061105274
10746162,5867819.824116661
10990720,2488818.532411342
10933736,2812366.7487286907
10315289,2555753.046431681
11017217,167492.08207132574
10534113,7133143.3540265225
10611151,6589398.744027745
11033582,6098806.75454018
10887717,3699542.956464394
11033895,1666946.6943433117
10587071,5096428.894145375
10852381,2207624.2291992223
11030336,2477430.8359552356
6614212,2689987.51590672
10906406,1860500.212040098
10952510,1665947.9877711865
10560535,1220362.3219871572
9962489,5946363.525701436
11003561,4698289.058888145
11038803,3701820.8647926673
11023524,2878464.8414236833
10848120,5759667.294100317
10678301,3828444.824396753
9870439,3869671.9056084435
10562459,3795629.395553738
10224224,2903179.191451084
10779104,4168152.0848935777
11007735,3599244.1909834426
10868322,5225451.567999438
10836398,3912233.564966222
10994853,4186125.8506648093
10807041,1029466.7406087584
10217146,4215700.666131287
10885823,6337588.527980744
10344809,6016640.523962108
11008807,3537990.4295643666
10744627,2636047.7055185484
11015358,6748179.652486345
10892527,3778734.0868040505
7417021,4346251.835647419
10951175,4990921.686870412
10979927,3005042.1636071783
11003717,3281987.292954045
8642626,3189913.862619208
11039881,5603239.994873592
11033386,3531876.044311505
10608823,5330314.501243118
7827298,3143852.2581350068
10832204,4411994.300889345
8965561,2355498.0328783644
10840057,5336337.878023777
10889000,3124256.8492383896
11043501,7695757.702197089
10827371,4168536.35234697
10719399,4613048.080607077
10881162,3270259.793186484
10787565,2366154.479357587
10957771,4862372.318521129
10215524,3788493.415747713
10693962,6470718.725599037
10975796,7400475.535474375
10944453,3705672.8002404068
11030707,3073418.4281497407
10753113,1954392.4562120275
11029525,1986928.7818884132
10466937,1510852.0219657118
11033414,3828648.5492856363
10891319,5200209.037829818
11033879,6472847.446095731
11047108,4693925.247429213
11007712,6228853.214749829
10644464,2474854.595781667
10997005,4256845.707166195
11028582,6239504.81965514
10532239,6756931.328523689
10786240,5547764.1243224405
7867852,3241558.3955675806
11015082,3306292.4982111324
10788380,1356335.8453157474
10691791,4276615.209336104
10968245,3640707.4204292363
10935155,3576628.6583898896
11006886,3247824.4716438404
10705725,1724872.9558647247
10813515,2629776.235113616
10987619,2269315.840915716
10638475,5949235.61231206
10876201,2957852.543287764
10933119,6425552.09863772
10880911,3875607.1686557983
9682014,4487732.677908894
10819454,2816066.391084692
11028535,5960839.549730056
10985627,2302354.518380576
11031603,1131853.264864264
10508942,5735174.096907508
10997229,4649057.682547057
10059587,3186522.8780592405
9408556,5392023.648426097
10550238,3082528.3201312986
8732295,6302078.625887172
11031373,1945927.8357048826
10466038,2876842.5558589464
10841475,6177970.16145507
9715017,3845451.3435734115
10609690,6359382.71210267
11028801,3258151.720555233
10783099,3026210.607537479
10767232,3948962.094577263
8083122,3760860.3263795166
10786774,2530537.08435603
10765056,5208716.892116345
10937818,3102125.699941612
10933782,8357313.328499823
11046193,5751645.3292528475
10809579,6229809.72006686
10884967,3162948.225325238
9519830,4247071.303239662
10724932,1670867.3655860014
10832417,4360718.522000592
11030603,3516414.5150615247
10020072,8466860.923928425
11026252,5667604.689170103
10956049,5416996.950257454
11030140,7049810.356457275
10986637,4180542.954691426
10361438,3808049.493069658
10897746,2664348.184508232
10844003,6131554.297955014
10837309,2531067.1319590523
10782719,4713054.320447955
11010977,5150657.189890176
10955275,5320714.793668201
10967235,2144422.4037063033
10822436,2922637.1250622775
9809274,7303542.410129844
10979293,6405853.35947252
10959129,5749202.19039967
10653085,1880001.676041598
10938322,2660979.5073011867
11033720,4457274.116795847
9598824,5600759.6115018325
10682935,5835041.288123756
11032141,3985373.771250048
11028684,2570080.2780470066
10982541,2143386.1342646987
11010007,2364037.338573047
10959125,601668.2037337712
10927164,3816028.233106257
10185480,3356467.4888549973
10915266,4471783.5738266315
11012254,2226868.785573036
10862285,4858215.313392112
10642496,6373377.635022762
11028989,4575017.376000263
10613355,5364202.18143599
10979584,4138538.637535073
10863533,650393.3416485904
11033642,6062440.208765894
6054980,6014432.1391528305
10731611,4778907.972969025
10932624,2758300.1156135546
8291346,3174716.4289542255
11016173,5419021.4006324755
7891642,2855506.0428705197
10944723,5549961.459087798
11007545,3916055.118822008
10584459,5519921.382379504
10979250,1332816.4960911646
10968768,4165426.5417802916
9739372,4653084.824160758
10592772,5984966.162956473
11005907,5643980.284138089
10940197,7325802.072121322
11011624,5852615.751122052
10752174,5285787.127082606
10652295,813649.4420469421
11028735,4318022.2302258685
9794888,5786420.534255504
10534946,8069794.818805169
10963569,4934416.704014454
10855711,4386702.533077616
10748716,936004.6048632736
11045140,2853097.8755756007
11006458,3886617.0546031334
10976212,2367060.4637293383
11007629,3968958.1315468433
10963608,4854131.5372225195
9211286,4386042.422197759
9071862,4684909.593448902
11028984,3455405.5259406017
10862983,2456374.9230104857
11034016,4633227.658332223
8803234,6257458.935234625
11044247,2542191.2819714826
10961418,5064834.39632817
10891131,1860891.0234242757
10837271,2733453.6959056556
10383122,5697459.831479736
10608537,7184872.398029198
10688118,2022023.8279816913
10930069,2430942.463840757
10915088,4074333.882786106
10848354,5181199.5503768325
10622993,5715236.7799045425
10943908,2236943.9821020863
10716815,2702769.8744415664
10534162,2147419.320381654
10629978,4407528.860849961
10847505,2758928.4354304527
11021813,2689279.452213641
11033561,2709811.7896496304
10795410,5523153.902253453
10772278,2029092.8569777356
10850771,4817222.028078681
9982816,6047413.688553941
11026980,5890380.055757722
10952037,4699619.989873471
10823660,5724621.196420756
10917379,5825103.453204283
10976615,4332412.72956773
10980351,4535069.149371602
11019778,2072792.994256243
10858488,5860471.975344571
10991286,1917152.7721077614
10964866,1302971.4889983446
7595148,5931116.486684133
10377513,1293608.2690678905
10799944,6453170.10397711
10850718,2140192.869612098
10936153,6739900.183884591
10859486,6376387.922863387
10612038,5161926.445023074
10534659,2507345.9565818957
10963440,4702435.188800143
10908080,1888971.6577563062
10876512,1590993.3216604867
11018580,7468709.549679364
10769562,4914032.606152251
10984671,6293033.72264701
10808993,4500286.599532102
10574056,5320270.279118493
10543692,2828476.147419241
10956155,2647141.325553576
10850599,4681775.808546906
11010005,5469600.284417198
9859977,5488142.730104237
10858411,6626662.490989277
10995333,3079493.609726544
11006151,2565743.943104482
10982870,4472930.476748424
10645559,3082494.2027948042
10794854,3396212.3264479665
11032562,4436074.451026414
11039803,5680867.151758584
10980763,4241970.572772096
11032294,5764825.431206586
10991074,2411894.1913046422
11010466,6781657.435405629
10882327,3949936.911076643
10611445,4837051.216774723
10802866,2871015.1994613768
11008096,4027875.5978679154
10762137,4925584.662670204
10911546,1363271.7518873203
10795143,563905.5866817749
11008370,1396796.8317242288
10253847,710361.4368480945
10998638,3747694.152897022
9817199,5655971.893235428
11029124,5491441.990258065
10914401,4560971.844330374
10936048,5599933.159511454
7532412,1843422.1553549916
9211193,4796426.101386626
10762027,3595514.0376796783
10979774,6918552.854291629
11028061,2972910.400118686
11031972,3040728.0202767253
10977855,2574437.137739767
10895030,2027069.8680041218
10466031,1572826.5693808435
10863769,4599262.034887748
10853739,6157221.64944939
11005214,2616190.2260405463
11027289,2200222.61204631
10535322,6566326.674530156
11030402,1539583.1152372374
10556059,921310.9633651426
11006993,305723.6360940306
8780936,5068059.69592469
10397793,2114380.1486562626
8420138,5475791.212212484
10388632,1565390.353252568
9910431,2366988.7908556545
10852372,3313252.0531495963
11006491,3879959.3607830806
10906001,2869809.585152432
10847271,5964146.923847404
10903056,7014899.629315142
10705774,5143846.468617824
10935746,5258073.6407452505
10969134,1771431.2457562382
10980318,5305943.685713645
10820355,2507910.0156775652
10851867,3347681.354763519
10782647,4585486.474184081
10598446,4720838.476738431
10586747,6663843.675164647
10983720,2119141.449824754
11013422,2920966.3819738845
10569926,2656070.4750738754
10897027,5569411.698165084
10931328,2327759.914639921
10893179,6953577.454066908
10299688,1404104.2062761108
11021725,4707753.532332191
10946368,4120894.581823148
10906441,2025507.8865286852
11029067,3970414.5498148846
10390703,1451292.047190933
10957336,5255059.132360973
10945216,1510702.668192417
11028013,4263096.322796971
8304378,2478935.4431827427
11030324,4289721.82008204
10807701,2536703.3455420625
10816856,6110515.986698368
11031047,5719852.266580209
11031068,2880254.6399148493
10851161,3212787.78996241
10846626,3806281.426019446
10985483,6219711.940272849
10693136,1982331.369160646
10884988,4994262.178804601
11044696,1461670.609359144
10873478,3385544.3358512684
11034556,2561295.9675711878
11000780,3049239.3226839863
10900087,2138184.86073808
10966889,1266809.9665558697
10768982,5903655.5023067985
10562001,5947841.9161514975
10648776,2774281.228096481
3948095,3517889.7624611566
10508750,6895010.851626586
10135058,4674203.761016646
8719950,5268702.598286721
10915551,4726209.622537473
11001438,2633189.385931337
10738422,4908869.158233168
10895391,5681851.852291454
11029506,1865104.9586596042
10038473,3089464.205098691
10874633,6262977.084374189
10966238,6814912.821862895
11000032,3842560.2104968796
10865261,3309779.719703152
10677780,2365545.536012647
10609595,6892021.886098167
10609962,6549610.102875268
10783317,3607464.965252362
10809836,3568010.233122682
10558845,3084978.7444968605
8227268,5196215.446902842
10534537,7540953.677581007
7379852,6683841.541005726
10978591,5425797.003947857
10949083,2134644.386145898
10747678,5151811.513290803
10229132,962330.183705403
11007029,6273999.263884116
10868256,1822783.0455236896
10787120,3354785.761009275
11015667,6349443.12584199
11008369,1325526.3219989599
10559120,1956776.6746262163
10708878,5491579.964306945
10895226,1681610.250553248
9507204,4792009.48102303
10870625,3219410.008152351
10963465,2989454.8424692675
10665842,2900471.1509997807
10140719,1289180.9132693238
10669155,3013452.9788377695
10638182,3072897.745260919
10305731,2067076.8679969679
10823712,3516152.703018324
10845673,4089527.7904386264
10736490,4514000.496598218
11002157,7085525.102075167
10854487,4092619.1819263035
10932443,6678754.219806778
9238274,6268458.849104432
9968704,7235886.135526409
10960551,3903181.588629907
11004369,2858206.4301078934
10797182,2103092.259898191
10710497,1861714.0620135004
10833515,554301.7552565197
10621632,4316938.195006719
10946619,5561485.378215456
10987445,5108925.752179279
11020441,4766695.531010623
9744263,5431979.975877959
11031724,4814987.761912929
9593747,4329074.18918376
9144533,4170154.023107866
10548490,5286215.220405291
9225076,6238941.568979549
10854965,1585692.803482444
10996375,2443798.540598018
10930080,6007488.818515938
10912952,5853828.32112942
11007485,903692.3655164816
10713853,2108589.0751571436
8279961,3518808.438533866
10986609,5650170.022094733
10930823,1794589.2082556407
10675659,1648511.0940639745
10929451,2928194.94014282
10810651,2225841.12212955
10975874,6373480.038741719
10633988,1317040.9182927404
10548030,2605100.772079501
11027954,3390452.652458204
11015121,2334112.5431705858
11003421,1224785.1791066849
10994277,5422362.201708479
10888989,4735363.110179836
10543141,3854705.407074791
10556346,6018036.995933902
9811345,2551250.310714992
8820263,3803148.924332029
10892642,2976559.575874421
10966173,2230566.819423027
11029272,5999863.739765855
10928019,5633648.7857142715
10934632,1820717.0436205138
10861222,6681009.064443359
10982523,2165880.846897516
10891424,2316024.739911079
10845195,2797260.4214662206
10782796,5974075.338207605
10976644,6823474.676509316
10984787,1863370.6033746423
10900153,1521040.5257150205
10933665,8343812.734312009
11010985,1754664.134389548
10775644,6937556.404432382
10977323,3024460.642113189
11029406,6077651.7156239115
10983020,3421362.895178338
10841047,4597873.439479377
11029333,5056519.083901636
11007952,5445836.29925766
11015543,1956625.3326099599
10975600,1455623.2593091764
10965165,4111915.0041506044
11016410,851122.0644881245
11030260,2849004.733444564
10892906,3697964.4334542532
10739080,4397739.933856659
11026594,3993622.728715852
10862767,4064210.9800694766
10599029,4618061.579045787
10786060,2717917.020823981
11030210,2330182.180224408
11007754,6065255.902216066
10911731,2420291.6026588413
11022628,7643950.622998535
10923883,2022377.636629257
10509822,6749012.954595879
10989575,3710489.170190926
10543394,4435939.014544284
11036886,5283040.069875883
10747570,6725779.529740166
10983498,3882031.3436968364
10646810,1476330.9989127018
10979171,3764553.680561113
11029980,6429620.703866393
9966528,3160631.7793736346
10984887,1725113.6009169375
10679893,3861538.5779468976
11027657,1776098.8757769484
10605936,5116123.032494202
10907017,4951041.2355900705
10855719,3607858.421607272
11032227,5255971.717383653
10931788,2644614.304871267
11010968,6706963.956083602
10918046,5080470.705192974
11039839,2800317.105379022
10609036,6209027.173766639
10532865,5458862.122456287
10736521,6963164.165983491
10796974,4936222.213835363
10619770,3110655.52793809
10988787,8120474.941402191
11020216,5998314.422018018
11032406,3630199.644586923
10888606,6379208.258105276
11023166,5176951.685606623
10270151,2692993.6626615524
11004028,5244940.953510567
10888491,6840135.095398021
10945357,4754540.402732676
10632828,1756587.0234204754
11029644,4425055.883728244
10813011,4605057.536839787
10928173,6266080.599215788
10911507,5392221.648372348
11028479,4977409.714997981
10187898,5817310.205039896
11011403,4466569.715239
10609571,3725628.997735658
10928561,1572023.2466160753
10939958,5258903.319612678
11008529,4748597.236838228
10974572,4691161.4239072595
10705658,5852950.231719503
10605801,6139694.062796399
9951427,6476614.118566583
11032439,2711195.951492084
10938936,6180052.408115318
11031960,6609559.625002012
10948480,5033429.605241533
10889925,3219044.7625194467
10535343,3223302.7164868554
11011086,3693979.8299707165
10967200,1436646.6921026744
10695302,1805855.8101227018
10895188,2605745.4642507485
10870893,1647816.9183247366
10724185,2490679.63557561
9267681,6405937.874148495
9593748,4257704.937587168
8794108,3763998.2512306483
10844482,2597258.525006214
10932808,6494430.15981788
10817829,3436631.453844598
11029946,4090858.3136993814
10817739,3212224.5196108925
10866998,1284725.8802881604
10707811,11026372.240113273
10845229,3029648.2377853603
10727166,2791536.3845542017
10619987,6208042.159303667
10811608,1916919.7768666884
10848317,4406787.97404827
9584613,3883677.1774695795
11006354,2043179.913449462
10979841,2102219.5129040917
11033094,5796499.990795559
11028606,3631067.659455804
10933851,6052053.803063258
10826178,4781171.355822272
10783700,4220284.7072573565
11030318,1039851.7294703963
10973204,2491892.5653940216
10713135,3081342.108659426
8885290,5897301.1662294585
10976358,5339192.878102114
11027116,2239324.868240845
10733076,5635379.636775489
10120681,6269073.147543814
10624872,2389389.2271791003
10689174,5782559.091370186
11032237,6799377.763217636
10842636,2638440.477053895
10854110,2109508.2227187958
9400862,4398162.026364144
11033468,4298521.635822995
11033724,2879216.6835639225
10723659,5657837.237345522
10978831,1751494.869146673
10786947,7773847.735338001
10685857,3458468.17910657
10992734,3787300.202581465
9973763,3569740.809781044
10907290,5626596.593624286
10989128,5032460.029546877
10988863,2753469.2410589815
10077042,4054727.82330339
10751618,2755827.942820597
10917133,5212023.339646809
10389474,3302134.8786277613
8669693,5238400.656479956
10938438,2634175.776287093
10150188,3002867.2911843015
10831284,6309973.524563106
10587594,3123424.190648927
10691915,2398701.880671182
10963410,5663709.702912331
10948078,3150837.5933428956
10998660,5314824.807067512
11029106,4415710.195547309
10986769,1941452.577376796
10850341,6092105.235546052
10958972,1847238.6004214725
11005955,4898311.440508993
10610028,5871727.362601712
10979295,2933388.1925119427
10915910,2407856.3948766626
11007478,5252738.11293369
10889363,6012966.255026547
10975839,7065269.509124325
10986832,2145417.715823865
10687627,1114134.9520357153
10910437,2317010.018286087
